Category,Mean,Percentage
Privado com Carteira,37.81562189718897,37.815398497129955
Privado sem Carteira,13.494467229899959,13.494387509810105
Trabalhador Domestico,5.779559746652253,5.779525603250037
Setor Publico,12.281989027706402,12.28191647046852
Empregador,4.155094848861949,4.155070302169659
Conta Propria,25.14915061048818,25.14900203903943
Trabalhador Familiar Auxiliar,1.3247074039909532,1.32469957813229
